,Column,Metric,Score
0,Ship Mode,TVComplement,0.7014208525115069
1,Segment,TVComplement,0.8632179307584551
2,Country,TVComplement,1.0
3,State,KSComplement,0.9245547328397038
4,Postal Code,KSComplement,0.9037422453472084
5,Region,TVComplement,0.9463678206924154
6,Category,TVComplement,0.8349009405643386
7,Sub-Category,KSComplement,0.8344006403842306
8,Sales,TVComplement,0.8433059835901541
9,Quantity,TVComplement,0.7768661196718031
10,Discount,TVComplement,0.751050630378227
11,Profit,TVComplement,0.9984990996546097
